,ETH,LTC,XRP,ETC,DASH,XMR,BCH,BTC
ETH,1.0,-0.06465218973099343,0.08562989924170024,-0.18199144593698316,0.12269514558941512,0.08721563505263215,,-0.006502147713525529
LTC,-0.06465218973099343,1.0,0.053711700504775806,-0.13107858347747325,-0.012193831341402978,0.12947480150376375,,0.7501741922358187
XRP,0.08562989924170024,0.053711700504775806,1.0,-0.054094971208141725,0.08865653149107139,0.027649262753178278,,0.04416146608286971
ETC,-0.18199144593698316,-0.13107858347747325,-0.054094971208141725,1.0,0.003991520557545119,-0.10589794169024835,,-0.1705377720329954
DASH,0.12269514558941512,-0.012193831341402978,0.08865653149107139,0.003991520557545119,1.0,0.12153747874406338,,-0.01403984517623101
XMR,0.08721563505263215,0.12947480150376375,0.027649262753178278,-0.10589794169024835,0.12153747874406338,1.0,,0.12751950082620203
BCH,,,,,,,,
BTC,-0.006502147713525529,0.7501741922358187,0.04416146608286971,-0.1705377720329954,-0.01403984517623101,0.12751950082620203,,1.0
